id,name,email,twitter,group,area,chamber,start_date,end_date
54434,Adam Vaughan,Adam.Vaughan@parl.gc.ca,https://twitter.com/TOAdamVaughan,Liberal,Trinity—Spadina,House of Commons,2011-06-02,""
425,Alain Giguère,Alain.Giguere@parl.gc.ca,,NDP,Marc-Aurèle-Fortin,House of Commons,2011-06-02,""
30903,Alex Atamanenko,alex.atamanenko@parl.gc.ca,,NDP,British Columbia Southern Interior,House of Commons,2011-06-02,""
58775,Alexandre Boulerice,Alexandre.Boulerice@parl.gc.ca,https://twitter.com/alexboulerice,NDP,Rosemont—La Petite-Patrie,House of Commons,2011-06-02,""
58705,Alexandrine Latendresse,Alexandrine.Latendresse@parl.gc.ca,https://twitter.com/ALatendresseNPD,NDP,Louis-Saint-Laurent,House of Commons,2011-06-02,""
30812,Alice Wong,alice.wong@parl.gc.ca,,Conservative,Richmond,House of Commons,2011-06-02,""
71611,Andrew Cash,Andrew.Cash@parl.gc.ca,https://twitter.com/AndrewCash,NDP,Davenport,House of Commons,2011-06-02,""
59287,Andrew Saxton,andrew.saxton@parl.gc.ca,https://twitter.com/AndrewSaxton1,Conservative,North Vancouver,House of Commons,2011-06-02,""
25454,Andrew Scheer,andrew.scheer@parl.gc.ca,https://twitter.com/andrewscheer,Conservative,Regina—Qu'Appelle,House of Commons,2011-06-02,""
25474,André Bellavance,andre.bellavance@parl.gc.ca,https://twitter.com/AndreBellavance,Independent,Richmond—Arthabaska,House of Commons,2011-06-02,""
71350,Anne Minh-Thu Quach,AnneMinh-Thu.Quach@parl.gc.ca,https://twitter.com/AnneMTQuach,NDP,Beauharnois—Salaberry,House of Commons,2011-06-02,""
58626,Anne-Marie Day,Anne-Marie.Day@parl.gc.ca,https://twitter.com/AnneMarieDay,NDP,Charlesbourg—Haute-Saint-Charles,House of Commons,2011-06-02,""
71499,Annick Papillon,Annick.Papillon@parl.gc.ca,https://twitter.com/AnnickPapillon,NDP,Québec,House of Commons,2011-06-02,""
86249,Arnold Chan,Arnold.Chan@parl.gc.ca,https://twitter.com/ArnoldChanLib,Liberal,Scarborough—Agincourt,House of Commons,2011-06-02,""
35535,Bal Gosal,Bal.Gosal@parl.gc.ca,https://twitter.com/BalGosal,Conservative,Bramalea—Gore—Malton,House of Commons,2011-06-02,""
25497,Barry Devolin,barry.devolin@parl.gc.ca,https://twitter.com/BarryDevolin_MP,Conservative,Haliburton—Kawartha Lakes—Brock,House of Commons,2011-06-02,""
35600,Ben Lobb,ben.lobb@parl.gc.ca,https://twitter.com/BenLobbMP,Conservative,Huron—Bruce,House of Commons,2011-06-02,""
71627,Bernard Trottier,Bernard.Trottier@parl.gc.ca,https://twitter.com/btrottier,Conservative,Etobicoke—Lakeshore,House of Commons,2011-06-02,""
40463,Bernard Valcourt,Bernard.Valcourt@parl.gc.ca,https://twitter.com/Min_BValcourt,Conservative,Madawaska—Restigouche,House of Commons,2011-06-02,""
31664,Bev Shipley,bev.shipley@parl.gc.ca,https://twitter.com/BevShipleyMP,Conservative,Lambton—Kent—Middlesex,House of Commons,2011-06-02,""
35897,Blaine Calkins,blaine.calkins@parl.gc.ca,https://twitter.com/blainecalkinsmp,Conservative,Wetaskiwin,House of Commons,2011-06-02,""
59235,Blake Richards,blake.richards@parl.gc.ca,https://twitter.com/BlakeRichardsMP,Conservative,Wild Rose,House of Commons,2011-06-02,""
31086,Bob Dechert,bob.dechert@parl.gc.ca,,Conservative,Mississauga—Erindale,House of Commons,2011-06-02,""
72035,Bob Zimmer,Bob.Zimmer@parl.gc.ca,https://twitter.com/bobzimmermp,Conservative,Prince George—Peace River,House of Commons,2011-06-02,""
30314,Brad Butt,Brad.Butt@parl.gc.ca,https://twitter.com/BradButtMP,Conservative,Mississauga—Streetsville,House of Commons,2011-06-02,""
25462,Brad Trost,brad.trost@parl.gc.ca,https://twitter.com/BradTrostCPC,Conservative,Saskatoon—Humboldt,House of Commons,2011-06-02,""
59203,Brent Rathgeber,brent.rathgeber@parl.gc.ca,https://twitter.com/brentrathgeber,Independent,Edmonton—St. Albert,House of Commons,2011-06-02,""
9137,Brian Masse,brian.masse@parl.gc.ca,https://twitter.com/BrianMasseMP,NDP,Windsor West,House of Commons,2011-06-02,""
35896,Brian Storseth,brian.storseth@parl.gc.ca,https://twitter.com/BrianStorseth,Conservative,Westlock—St. Paul,House of Commons,2011-06-02,""
31295,Bruce Hyer,bruce.hyer@parl.gc.ca,https://twitter.com/brucehyer,Green Party,Thunder Bay—Superior North,House of Commons,2011-06-02,""
35724,Bruce Stanton,bruce.stanton@parl.gc.ca,https://twitter.com/bruce_stanton,Conservative,Simcoe North,House of Commons,2011-06-02,""
71772,Bryan Hayes,Bryan.Hayes@parl.gc.ca,https://twitter.com/BryanHayesMP,Conservative,Sault Ste. Marie,House of Commons,2011-06-02,""
59110,Candice Bergen,candice.bergen@parl.gc.ca,https://twitter.com/CandiceBergenMP,Conservative,Portage—Lisgar,House of Commons,2011-06-02,""
31289,Carol Hughes,carol.hughes@parl.gc.ca,https://twitter.com/CarolHughesMP,NDP,Algoma—Manitoulin—Kapuskasing,House of Commons,2011-06-02,""
992,Carolyn Bennett,carolyn.bennett@parl.gc.ca,https://twitter.com/Carolyn_Bennett,Liberal,St. Paul's,House of Commons,2011-06-02,""
59265,Cathy McLeod,cathy.mcleod@parl.gc.ca,https://twitter.com/Cathy_McLeod,Conservative,Kamloops—Thompson—Cariboo,House of Commons,2011-06-02,""
25470,Charlie Angus,charlie.angus@parl.gc.ca,https://twitter.com/CharlieAngusMP,NDP,Timmins—James Bay,House of Commons,2011-06-02,""
71557,Charmaine Borg,Charmaine.Borg@parl.gc.ca,https://twitter.com/mpcharmaineborg,NDP,Terrebonne—Blainville,House of Commons,2011-06-02,""
1809,Cheryl Gallant,cheryl.gallant@parl.gc.ca,https://twitter.com/cherylgallant,Conservative,Renfrew—Nipissing—Pembroke,House of Commons,2011-06-02,""
71576,Chris Alexander,Chris.Alexander@parl.gc.ca,https://twitter.com/calxandr,Conservative,Ajax—Pickering,House of Commons,2011-06-02,""
683,Chris Charlton,chris.charlton@parl.gc.ca,https://twitter.com/ChrisCharltonMP,NDP,Hamilton Mountain,House of Commons,2011-06-02,""
35886,Chris Warkentin,chris.warkentin@parl.gc.ca,https://twitter.com/chriswarkentin,Conservative,Peace River,House of Commons,2011-06-02,""
35422,Christian Paradis,christian.paradis@parl.gc.ca,https://twitter.com/christianparad,Conservative,Mégantic—L'Érable,House of Commons,2011-06-02,""
232,Christine Moore,Christine.Moore@parl.gc.ca,https://twitter.com/MooreNpd,NDP,Abitibi—Témiscamingue,House of Commons,2011-06-02,""
84665,Chrystia Freeland,Chrystia.Freeland@parl.gc.ca,https://twitter.com/cafreeland,Liberal,Toronto Centre,House of Commons,2011-06-02,""
30503,Chungsen Leung,Chungsen.Leung@parl.gc.ca,https://twitter.com/csleungmp,Conservative,Willowdale,House of Commons,2011-06-02,""
31234,Claude Gravelle,claude.gravelle@parl.gc.ca,https://twitter.com/ClaudeGravelle,NDP,Nickel Belt,House of Commons,2011-06-02,""
71413,Claude Patry,Claude.Patry@parl.gc.ca,https://twitter.com/claude_patry,Bloc Québécois,Jonquière—Alma,House of Commons,2011-06-02,""
25486,Colin Carrie,colin.carrie@parl.gc.ca,https://twitter.com/ColinCarrie,Conservative,Oshawa,House of Commons,2011-06-02,""
35952,Colin Mayes,colin.mayes@parl.gc.ca,,Conservative,Okanagan—Shuswap,House of Commons,2011-06-02,""
71755,Corneliu Chisu,Corneliu.Chisu@parl.gc.ca,https://twitter.com/cchisu,Conservative,Pickering—Scarborough East,House of Commons,2011-06-02,""
71762,Costas Menegakis,Costas.Menegakis@parl.gc.ca,https://twitter.com/CostasMenegakis,Conservative,Richmond Hill,House of Commons,2011-06-02,""
75006,Craig Scott,craig.scott@parl.gc.ca,https://twitter.com/CraigScottNDP,NDP,Toronto—Danforth,House of Commons,2011-06-02,""
72029,Dan Albas,Dan.Albas@parl.gc.ca,https://twitter.com/DanAlbas,Conservative,Okanagan—Coquihalla,House of Commons,2011-06-02,""
30428,Dan Harris,Dan.Harris@parl.gc.ca,https://twitter.com/danharrisndp,NDP,Scarborough Southwest,House of Commons,2011-06-02,""
71380,Dany Morin,Dany.Morin@parl.gc.ca,https://twitter.com/drdanymorin,NDP,Chicoutimi—Le Fjord,House of Commons,2011-06-02,""
695,Daryl Kramp,daryl.kramp@parl.gc.ca,https://twitter.com/darylkramp,Conservative,Prince Edward—Hastings,House of Commons,2011-06-02,""
891,Dave MacKenzie,dave.mackenzie@parl.gc.ca,https://twitter.com/DaveMacKenzieMP,Conservative,Oxford,House of Commons,2011-06-02,""
31765,Dave Van Kesteren,dave.vankesteren@parl.gc.ca,https://twitter.com/DVK_MP,Conservative,Chatham-Kent—Essex,House of Commons,2011-06-02,""
1795,David Anderson,david.anderson@parl.gc.ca,https://twitter.com/DavidAndersonSK,Conservative,Cypress Hills—Grasslands,House of Commons,2011-06-02,""
25489,David Christopherson,david.christopherson@parl.gc.ca,,NDP,Hamilton Centre,House of Commons,2011-06-02,""
9486,David McGuinty,david.mcguinty@parl.gc.ca,https://twitter.com/DavidMcGuinty,Liberal,Ottawa South,House of Commons,2011-06-02,""
31715,David Sweet,david.sweet@parl.gc.ca,https://twitter.com/DavidSweetMP,Conservative,Ancaster—Dundas—Flamborough—Westdale,House of Commons,2011-06-02,""
25461,David Tilson,david.tilson@parl.gc.ca,https://twitter.com/davidtilson,Conservative,Dufferin—Caledon,House of Commons,2011-06-02,""
72006,David Wilks,David.Wilks@parl.gc.ca,https://twitter.com/DavidJohnWilks,Conservative,Kootenay—Columbia,House of Commons,2011-06-02,""
86260,David Yurdiga,David.Yurdiga@parl.gc.ca,https://twitter.com/DavidYurdiga,Conservative,Fort McMurray—Athabasca,House of Commons,2011-06-02,""
25446,Dean Allison,dean.allison@parl.gc.ca,https://twitter.com/DeanAllisonMP,Conservative,Niagara West—Glanbrook,House of Commons,2011-06-02,""
1287,Deepak Obhrai,deepak.obhrai@parl.gc.ca,https://twitter.com/deepakobhrai,Conservative,Calgary East,House of Commons,2011-06-02,""
35399,Denis Blanchette,Denis.Blanchette@parl.gc.ca,https://twitter.com/DenisBlanchette,NDP,Louis-Hébert,House of Commons,2011-06-02,""
38633,Denis Lebel,denis.lebel@parl.gc.ca,https://twitter.com/DenisLebelPCC,Conservative,Roberval—Lac-Saint-Jean,House of Commons,2011-06-02,""
30836,Dennis Bevington,dennis.bevington@parl.gc.ca,https://twitter.com/nwtdennis,NDP,Northwest Territories,House of Commons,2011-06-02,""
59182,Devinder Shory,devinder.shory@parl.gc.ca,https://twitter.com/NortheastShory,Conservative,Calgary Northeast,House of Commons,2011-06-02,""
1295,Diane Ablonczy,diane.ablonczy@parl.gc.ca,https://twitter.com/DianeAblonczy,Conservative,Calgary—Nose Hill,House of Commons,2011-06-02,""
25501,Diane Finley,diane.finley@parl.gc.ca,,Conservative,Haldimand—Norfolk,House of Commons,2011-06-02,""
71530,Djaouida Sellah,Djaouida.Sellah@parl.gc.ca,https://twitter.com/DSellahNPD,NDP,Saint-Bruno—Saint-Hubert,House of Commons,2011-06-02,""
1813,Dominic LeBlanc,dominic.leblanc@parl.gc.ca,,Liberal,Beauséjour,House of Commons,2011-06-02,""
59325,Don Davies,don.davies@parl.gc.ca,https://twitter.com/DonDavies,NDP,Vancouver Kingsway,House of Commons,2011-06-02,""
59226,Earl Dreeshen,earl.dreeshen@parl.gc.ca,https://twitter.com/earl_dreeshen,Conservative,Red Deer,House of Commons,2011-06-02,""
35904,Ed Fast,ed.fast@parl.gc.ca,https://twitter.com/HonEdFast,Conservative,Abbotsford,House of Commons,2011-06-02,""
58939,Ed Holder,ed.holder@parl.gc.ca,https://twitter.com/EdHolder_MP,Conservative,London West,House of Commons,2011-06-02,""
25513,Ed Komarnicki,ed.komarnicki@parl.gc.ca,,Conservative,Souris—Moose Mountain,House of Commons,2011-06-02,""
2897,Elizabeth May,Elizabeth.May@parl.gc.ca,https://twitter.com/ElizabethMay,Green Party,Saanich—Gulf Islands,House of Commons,2011-06-02,""
84660,Emmanuel Dubourg,Emmanuel.Dubourg@parl.gc.ca,https://twitter.com/EmmanuelDubourg,Liberal,Bourassa,House of Commons,2011-06-02,""
72773,Erin O'Toole,Erin.OToole@parl.gc.ca,https://twitter.com/ErinOTooleMP,Conservative,Durham,House of Commons,2011-06-02,""
71688,Eve Adams,Eve.Adams@parl.gc.ca,https://twitter.com/MPEveAdams,Liberal,Mississauga—Brampton South,House of Commons,2011-06-02,""
63592,Fin Donnelly,fin.donnelly@parl.gc.ca,https://twitter.com/FinDonnelly,NDP,New Westminster—Coquitlam,House of Commons,2011-06-02,""
58661,Francine Raynault,Francine.Raynault@parl.gc.ca,,NDP,Joliette,House of Commons,2011-06-02,""
25453,Francis Scarpaleggia,francis.scarpaleggia@parl.gc.ca,https://twitter.com/ScarpaleggiaLSL,Liberal,Lac-Saint-Louis,House of Commons,2011-06-02,""
58890,Frank Valeriote,Frank.valeriote@parl.gc.ca,https://twitter.com/FrankValeriote,Liberal,Guelph,House of Commons,2011-06-02,""
35351,François Choquette,Francois.Choquette@parl.gc.ca,https://twitter.com/F_Choquette,NDP,Drummond,House of Commons,2011-06-02,""
63589,François Lapointe,Francois.Lapointe@parl.gc.ca,https://twitter.com/F_Lapointe,NDP,Montmagny—L'Islet—Kamouraska—Rivière-du-Loup,House of Commons,2011-06-02,""
71439,François Pilon,Francois.Pilon@parl.gc.ca,https://twitter.com/francoispilon,NDP,Laval—Les Îles,House of Commons,2011-06-02,""
25478,Françoise Boivin,Francoise.Boivin@parl.gc.ca,https://twitter.com/FBoivinNPD,NDP,Gatineau,House of Commons,2011-06-02,""
58537,Gail Shea,gail.shea@parl.gc.ca,https://twitter.com/CPCGailShea,Conservative,Egmont,House of Commons,2011-06-02,""
1268,Garry Breitkreuz,garry.breitkreuz@parl.gc.ca,,Conservative,Yorkton—Melville,House of Commons,2011-06-02,""
25504,Gary Goodyear,gary.goodyear@parl.gc.ca,,Conservative,Cambridge,House of Commons,2011-06-02,""
913,Gary Schellenberger,gary.schellenberger@parl.gc.ca,https://twitter.com/GSchellenberger,Conservative,Perth—Wellington,House of Commons,2011-06-02,""
1760,Geoff Regan,geoff.regan@parl.gc.ca,https://twitter.com/geoffregan,Liberal,Halifax West,House of Commons,2011-06-02,""
91,Gerald Keddy,gerald.keddy@parl.gc.ca,https://twitter.com/GeraldKeddy,Conservative,South Shore—St. Margaret's,House of Commons,2011-06-02,""
13,Gerry Byrne,gerry.byrne@parl.gc.ca,https://twitter.com/Gerry_Byrne,Liberal,Humber—St. Barbe—Baie Verte,House of Commons,2011-06-02,""
1209,Gerry Ritz,gerry.ritz@parl.gc.ca,,Conservative,Battlefords—Lloydminster,House of Commons,2011-06-02,""
25483,Gordon Brown,gord.brown@parl.gc.ca,,Conservative,Leeds—Grenville,House of Commons,2011-06-02,""
25523,Gordon O'Connor,gordon.oconnor@parl.gc.ca,,Conservative,Carleton—Mississippi Mills,House of Commons,2011-06-02,""
35274,Greg Kerr,greg.kerr@parl.gc.ca,https://twitter.com/MPGregKerr,Conservative,West Nova,House of Commons,2011-06-02,""
58914,Greg Rickford,greg.rickford@parl.gc.ca,https://twitter.com/HonGregRickford,Conservative,Kenora,House of Commons,2011-06-02,""
23915,Guy Caron,Guy.Caron@parl.gc.ca,https://twitter.com/GuyCaronNPD,NDP,Rimouski-Neigette—Témiscouata—Les Basques,House of Commons,2011-06-02,""
25516,Guy Lauzon,guy.lauzon@parl.gc.ca,,Conservative,Stormont—Dundas—South Glengarry,House of Commons,2011-06-02,""
35607,Harold Albrecht,harold.albrecht@parl.gc.ca,https://twitter.com/Albrecht4KitCon,Conservative,Kitchener—Conestoga,House of Commons,2011-06-02,""
1589,Hedy Fry,hedy.fry@parl.gc.ca,https://twitter.com/HedyFry,Liberal,Vancouver Centre,House of Commons,2011-06-02,""
58620,Hoang Mai,Hoang.Mai@parl.gc.ca,https://twitter.com/hoangmai_npd,NDP,Brossard—La Prairie,House of Commons,2011-06-02,""
71434,Hélène Laverdière,Helene.Laverdiere@parl.gc.ca,https://twitter.com/HLaverdiereNPD,NDP,Laurier—Sainte-Marie,House of Commons,2011-06-02,""
71424,Hélène LeBlanc,Helene.LeBlanc@parl.gc.ca,https://twitter.com/HeleneLeBlanc,NDP,LaSalle—Émard,House of Commons,2011-06-02,""
764,Irene Mathyssen,irene.mathyssen@parl.gc.ca,https://twitter.com/irenemathyssen,NDP,London—Fanshawe,House of Commons,2011-06-02,""
1785,Irwin Cotler,irwin.cotler@parl.gc.ca,https://twitter.com/IrwinCotler,Liberal,Mount Royal,House of Commons,2011-06-02,""
71477,Isabelle Morin,Isabelle.Morin@parl.gc.ca,https://twitter.com/IsabelleMorinMP,NDP,Notre-Dame-de-Grâce—Lachine,House of Commons,2011-06-02,""
3633,Jack Harris,jack.harris@parl.gc.ca,https://twitter.com/JackHarrisNDP,NDP,St. John's East,House of Commons,2011-06-02,""
35397,Jacques Gourde,jacques.gourde@parl.gc.ca,https://twitter.com/JacquesGourde,Conservative,Lotbinière—Chutes-de-la-Chaudière,House of Commons,2011-06-02,""
25475,James Bezan,james.bezan@parl.gc.ca,https://twitter.com/jamesbezan,Conservative,Selkirk—Interlake,House of Commons,2011-06-02,""
1814,James Lunney,james.lunney@parl.gc.ca,https://twitter.com/jameslunneymp,Independent,Nanaimo—Alberni,House of Commons,2011-06-02,""
1819,James Moore,james.moore@parl.gc.ca,https://twitter.com/JamesMoore_org,Conservative,Port Moody—Westwood—Port Coquitlam,House of Commons,2011-06-02,""
1826,James Rajotte,james.rajotte@parl.gc.ca,https://twitter.com/JamesRajotte,Conservative,Edmonton—Leduc,House of Commons,2011-06-02,""
71566,Jamie Nicholls,Jamie.Nicholls.C1A@parl.gc.ca,https://twitter.com/JPNichollsNPD,NDP,Vaudreuil-Soulanges,House of Commons,2011-06-02,""
72052,Jasbir Sandhu,Jasbir.Sandhu@parl.gc.ca,https://twitter.com/jasbirsandhu,NDP,Surrey North,House of Commons,2011-06-02,""
1302,Jason Kenney,jason.kenney@parl.gc.ca,https://twitter.com/jkenney,Conservative,Calgary Southeast,House of Commons,2011-06-02,""
71717,Jay Aspin,Jay.Aspin@parl.gc.ca,https://twitter.com/JayAspinMP,Conservative,Nipissing—Timiskaming,House of Commons,2011-06-02,""
25492,Jean Crowder,jean.crowder@parl.gc.ca,https://twitter.com/JeanCrowder,NDP,Nanaimo—Cowichan,House of Commons,2011-06-02,""
58637,Jean Rousseau,Jean.Rousseau@parl.gc.ca,https://twitter.com/JeanRousseauNPD,NDP,Compton—Stanstead,House of Commons,2011-06-02,""
71465,Jean-François Fortin,Jean-Francois.Fortin@parl.gc.ca,https://twitter.com/fortjf,Forces et Démocratie,Haute-Gaspésie—La Mitis—Matane—Matapédia,House of Commons,2011-06-02,""
71503,Jean-François Larose,Jean-Francois.Larose@parl.gc.ca,https://twitter.com/jflarose,Forces et Démocratie,Repentigny,House of Commons,2011-06-02,""
1099,Jeff Watson,jeff.watson@parl.gc.ca,,Conservative,Essex,House of Commons,2011-06-02,""
48292,Jim Eglinski,Jim.Eglinski@parl.gc.ca,,Conservative,Yellowhead,House of Commons,2011-06-02,""
71945,Jim Hillyer,Jim.Hillyer@parl.gc.ca,https://twitter.com/JimHillyerMP,Conservative,Lethbridge,House of Commons,2011-06-02,""
72018,Jinny Jogindera Sims,Jinny.Sims@parl.gc.ca,https://twitter.com/jinnysims,NDP,Newton—North Delta,House of Commons,2011-06-02,""
77515,Joan Crockatt,Joan.Crockatt@parl.gc.ca,https://twitter.com/Crockatteer,Conservative,Calgary Centre,House of Commons,2011-06-02,""
1803,Joe Comartin,joe.comartin@parl.gc.ca,https://twitter.com/joecomartin,NDP,Windsor—Tecumseh,House of Commons,2011-06-02,""
71613,Joe Daniel,Joe.Daniel@parl.gc.ca,,Conservative,Don Valley East,House of Commons,2011-06-02,""
58866,Joe Oliver,Joe.Oliver@parl.gc.ca,https://twitter.com/MinJoeOliver,Conservative,Eglinton—Lawrence,House of Commons,2011-06-02,""
25448,Joe Preston,joe.preston@parl.gc.ca,https://twitter.com/Joe_Preston,Conservative,Elgin—Middlesex—London,House of Commons,2011-06-02,""
86261,John Barlow,John.Barlow@parl.gc.ca,,Conservative,Macleod,House of Commons,2011-06-02,""
35555,John Carmichael,John.Carmichael@parl.gc.ca,https://twitter.com/JohnBCarmichael,Conservative,Don Valley West,House of Commons,2011-06-02,""
1604,John Duncan,john.duncan@parl.gc.ca,https://twitter.com/JohnDuncanMP,Conservative,Vancouver Island North,House of Commons,2011-06-02,""
1817,John McCallum,john.mccallum@parl.gc.ca,https://twitter.com/JohnMcCallumLPC,Liberal,Markham—Unionville,House of Commons,2011-06-02,""
957,John McKay,john.mckay@parl.gc.ca,https://twitter.com/JohnMcKayLib,Liberal,Scarborough—Guildwood,House of Commons,2011-06-02,""
30467,John Rafferty,john.rafferty@parl.gc.ca,https://twitter.com/JohnRaffertyMP,NDP,Thunder Bay—Rainy River,House of Commons,2011-06-02,""
35998,John Weston,john.weston@parl.gc.ca,https://twitter.com/JohnWestonMP,Conservative,West Vancouver—Sunshine Coast—Sea to Sky Country,House of Commons,2011-06-02,""
71323,John Williamson,John.Williamson@parl.gc.ca,https://twitter.com/JohnW_MP,Conservative,New Brunswick Southwest,House of Commons,2011-06-02,""
71458,Jonathan Genest-Jourdain,Jonathan.Genest-Jourdain@parl.gc.ca,https://twitter.com/GenestJourdain,NDP,Manicouagan,House of Commons,2011-06-02,""
58628,Jonathan Tremblay,Jonathan.Tremblay@parl.gc.ca,https://twitter.com/JTremblayNPD,NDP,Montmorency—Charlevoix—Haute-Côte-Nord,House of Commons,2011-06-02,""
71436,José Nunez-Melo,Jose.Nunez-Melo@parl.gc.ca,,NDP,Laval,House of Commons,2011-06-02,""
25533,Joy Smith,joy.smith@parl.gc.ca,https://twitter.com/MPJoySmith,Conservative,Kildonan—St. Paul,House of Commons,2011-06-02,""
71861,Joyce Bateman,Joyce.Bateman@parl.gc.ca,https://twitter.com/JoyceBatemanMP,Conservative,Winnipeg South Centre,House of Commons,2011-06-02,""
35950,Joyce Murray,joyce.murray@parl.gc.ca,https://twitter.com/joycemurray,Liberal,Vancouver Quadra,House of Commons,2011-06-02,""
58519,Judy Foote,judy.foote@parl.gc.ca,https://twitter.com/JudyFooteMP,Liberal,Random—Burin—St. George's,House of Commons,2011-06-02,""
1787,Judy Sgro,judy.sgro@parl.gc.ca,https://twitter.com/JudySgroMP,Liberal,York West,House of Commons,2011-06-02,""
69482,Julian Fantino,julian.fantino@parl.gc.ca,https://twitter.com/JulianFantino,Conservative,Vaughan,House of Commons,2011-06-02,""
58733,Justin Trudeau,justin.trudeau@parl.gc.ca,https://twitter.com/JustinTrudeau,Liberal,Papineau,House of Commons,2011-06-02,""
71786,K. Kellie Leitch,Kellie.Leitch@parl.gc.ca,https://twitter.com/KellieLeitch,Conservative,Simcoe—Grey,House of Commons,2011-06-02,""
58573,Keith Ashfield,keith.ashfield@parl.gc.ca,https://twitter.com/KeithAshfield11,Conservative,Fredericton,House of Commons,2011-06-02,""
59156,Kelly Block,kelly.block@parl.gc.ca,https://twitter.com/KellyBlockmp,Conservative,Saskatoon—Rosetown—Biggar,House of Commons,2011-06-02,""
31701,Kennedy Stewart,Kennedy.Stewart@parl.gc.ca,https://twitter.com/kennedystewart,NDP,Burnaby—Douglas,House of Commons,2011-06-02,""
20878,Kerry-Lynne D. Findlay,Kerry-Lynne.Findlay@parl.gc.ca,https://twitter.com/KerryLynneFindl,Conservative,Delta—Richmond East,House of Commons,2011-06-02,""
30552,Kevin Lamoureux,kevin.lamoureux@parl.gc.ca,https://twitter.com/Kevin_Lamoureux,Liberal,Winnipeg North,House of Commons,2011-06-02,""
1832,Kevin Sorenson,kevin.sorenson@parl.gc.ca,,Conservative,Crowfoot,House of Commons,2011-06-02,""
58877,Kirsty Duncan,kirsty.duncan@parl.gc.ca,https://twitter.com/KirstyDuncanMP,Liberal,Etobicoke North,House of Commons,2011-06-02,""
58841,Kyle Seeback,Kyle.Seeback@parl.gc.ca,https://twitter.com/KyleSeeback,Conservative,Brampton West,House of Commons,2011-06-02,""
59217,LaVar Payne,lavar.payne@parl.gc.ca,https://twitter.com/LaVarMP,Conservative,Medicine Hat,House of Commons,2011-06-02,""
7251,Larry Maguire,Larry.Maguire@parl.gc.ca,https://twitter.com/LarryMaguireMP,Conservative,Brandon—Souris,House of Commons,2011-06-02,""
25522,Larry Miller,larry.miller@parl.gc.ca,https://twitter.com/LarryMillerMP,Conservative,Bruce—Grey—Owen Sound,House of Commons,2011-06-02,""
31267,Laurie Hawn,laurie.hawn@parl.gc.ca,https://twitter.com/MPLaurieHawn,Conservative,Edmonton Centre,House of Commons,2011-06-02,""
71517,Laurin Liu,Laurin.Liu@parl.gc.ca,https://twitter.com/laurinliu,NDP,Rivière-des-Mille-Îles,House of Commons,2011-06-02,""
33,Lawrence MacAulay,lawrence.macaulay@parl.gc.ca,https://twitter.com/L_MacAulayMP,Liberal,Cardigan,House of Commons,2011-06-02,""
71839,Lawrence Toet,Lawrence.Toet@parl.gc.ca,https://twitter.com/lawrencetoetMP,Conservative,Elmwood—Transcona,House of Commons,2011-06-02,""
1365,Leon Benoit,leon.benoit@parl.gc.ca,https://twitter.com/LeonBenoitMP,Conservative,Vegreville—Wainwright,House of Commons,2011-06-02,""
46003,Leona Aglukkaq,leona.aglukkaq@parl.gc.ca,https://twitter.com/leonaaglukkaq,Conservative,Nunavut,House of Commons,2011-06-02,""
1598,Libby Davies,libby.davies@parl.gc.ca,https://twitter.com/LibbyDavies,NDP,Vancouver East,House of Commons,2011-06-02,""
35873,Linda Duncan,linda.duncan@parl.gc.ca,https://twitter.com/LindaDuncanMP,NDP,Edmonton—Strathcona,House of Commons,2011-06-02,""
54325,Lisa Raitt,lisa.raitt@parl.gc.ca,https://twitter.com/lraitt,Conservative,Halton,House of Commons,2011-06-02,""
58697,Lise St-Denis,Lise.St-Denis@parl.gc.ca,,Liberal,Saint-Maurice—Champlain,House of Commons,2011-06-02,""
35648,Lois Brown,lois.brown@parl.gc.ca,https://twitter.com/MPLoisBrown,Conservative,Newmarket—Aurora,House of Commons,2011-06-02,""
413,Louis Plamondon,louis.plamondon@parl.gc.ca,,Bloc Québécois,Bas-Richelieu—Nicolet—Bécancour,House of Commons,2011-06-02,""
1838,Lynne Yelich,lynne.yelich@parl.gc.ca,https://twitter.com/Lynne_Yelich,Conservative,Blackstrap,House of Commons,2011-06-02,""
71490,Lysane Blanchette-Lamothe,Lysane.Blanchette-Lamothe@parl.gc.ca,,NDP,Pierrefonds—Dollard,House of Commons,2011-06-02,""
59068,Malcolm Allen,malcolm.allen@parl.gc.ca,https://twitter.com/Malcolm_AllenMP,NDP,Welland,House of Commons,2011-06-02,""
71471,Manon Perreault,Manon.Perreault@parl.gc.ca,https://twitter.com/MPerreaultQC,Independent,Montcalm,House of Commons,2011-06-02,""
10524,Marc Garneau,marc.garneau@parl.gc.ca,https://twitter.com/MarcGarneau,Liberal,Westmount—Ville-Marie,House of Commons,2011-06-02,""
71430,Marc-André Morin,Marc-Andre.Morin@parl.gc.ca,,NDP,Laurentides—Labelle,House of Commons,2011-06-02,""
31508,Maria Mourani,maria.mourani@parl.gc.ca,,Independent,Ahuntsic,House of Commons,2011-06-02,""
71533,Marie-Claude Morin,Marie-Claude.Morin@parl.gc.ca,https://twitter.com/MC_Morin_NPD,NDP,Saint-Hyacinthe—Bagot,House of Commons,2011-06-02,""
71395,Marjolaine Boutin-Sweet,Marjolaine.Boutin-Sweet@parl.gc.ca,https://twitter.com/MarjBoutinSweet,NDP,Hochelaga,House of Commons,2011-06-02,""
71824,Mark Adler,Mark.Adler@parl.gc.ca,https://twitter.com/MarkAdlerMP,Conservative,York Centre,House of Commons,2011-06-02,""
1806,Mark Eyking,mark.eyking@parl.gc.ca,https://twitter.com/MarkEyking_MP,Liberal,Sydney—Victoria,House of Commons,2011-06-02,""
71986,Mark Strahl,Mark.Strahl@parl.gc.ca,https://twitter.com/markstrahl,Conservative,Chilliwack—Fraser Canyon,House of Commons,2011-06-02,""
25467,Mark Warawa,mark.warawa@parl.gc.ca,https://twitter.com/MPmarkwarawa,Conservative,Langley,House of Commons,2011-06-02,""
9135,Massimo Pacetti,massimo.pacetti@parl.gc.ca,,Independent,Saint-Léonard—Saint-Michel,House of Commons,2011-06-02,""
318,Mathieu Ravignat,Mathieu.Ravignat@parl.gc.ca,https://twitter.com/MRavignat,NDP,Pontiac,House of Commons,2011-06-02,""
71368,Matthew Dubé,Matthew.Dube@parl.gc.ca,https://twitter.com/MattDube,NDP,Chambly—Borduas,House of Commons,2011-06-02,""
71585,Matthew Kellway,Matthew.Kellway@parl.gc.ca,https://twitter.com/MatthewKellway,NDP,Beaches—East York,House of Commons,2011-06-02,""
1262,Maurice Vellacott,maurice.vellacott@parl.gc.ca,,Conservative,Saskatoon—Wanuskewin,House of Commons,2011-06-02,""
873,Mauril Bélanger,mauril.belanger@parl.gc.ca,,Liberal,Ottawa—Vanier,House of Commons,2011-06-02,""
35309,Maxime Bernier,maxime.bernier@parl.gc.ca,https://twitter.com/MaximeBernier,Conservative,Beauce,House of Commons,2011-06-02,""
58550,Megan Leslie,megan.leslie@parl.gc.ca,https://twitter.com/MeganLeslieMP,NDP,Halifax,House of Commons,2011-06-02,""
25488,Michael Chong,michael.chong@parl.gc.ca,https://twitter.com/MichaelChongMP,Conservative,Wellington—Halton Hills,House of Commons,2011-06-02,""
71902,Michelle Rempel,Michelle.Rempel@parl.gc.ca,https://twitter.com/MichelleRempel,Conservative,Calgary Centre-North,House of Commons,2011-06-02,""
30892,Mike Allen,mike.allen@parl.gc.ca,https://twitter.com/mpmikea,Conservative,Tobique—Mactaquac,House of Commons,2011-06-02,""
35857,Mike Lake,mike.lake@parl.gc.ca,https://twitter.com/MikeLakeMP,Conservative,Edmonton—Mill Woods—Beaumont,House of Commons,2011-06-02,""
59087,Mike Sullivan,Mike.Sullivan@parl.gc.ca,https://twitter.com/MikeSullivanMP,NDP,York South—Weston,House of Commons,2011-06-02,""
31791,Mike Wallace,mike.wallace@parl.gc.ca,https://twitter.com/MikeWallaceMP,Conservative,Burlington,House of Commons,2011-06-02,""
60078,Murray Rankin,Murray.Rankin@parl.gc.ca,https://twitter.com/MurrayRankin,NDP,Victoria,House of Commons,2011-06-02,""
71341,Mylène Freeman,Mylene.Freeman@parl.gc.ca,https://twitter.com/MyleneFreeman,NDP,Argenteuil—Papineau—Mirabel,House of Commons,2011-06-02,""
25493,Nathan Cullen,nathan.cullen@parl.gc.ca,https://twitter.com/nathancullen,NDP,Skeena—Bulkley Valley,House of Commons,2011-06-02,""
36037,Niki Ashton,niki.ashton@parl.gc.ca,https://twitter.com/nikiashton,NDP,Churchill,House of Commons,2011-06-02,""
25505,Nina Grewal,nina.grewal@parl.gc.ca,https://twitter.com/MPNinaGrewal,Conservative,Fleetwood—Port Kells,House of Commons,2011-06-02,""
71401,Nycole Turmel,Nycole.Turmel@parl.gc.ca,https://twitter.com/nycole_turmel,NDP,Hull—Aylmer,House of Commons,2011-06-02,""
35767,Parm Gill,Parm.Gill@parl.gc.ca,https://twitter.com/ParmGill,Conservative,Brampton—Springdale,House of Commons,2011-06-02,""
1174,Pat Martin,pat.martin@parl.gc.ca,,NDP,Winnipeg Centre,House of Commons,2011-06-02,""
86788,Pat Perkins,Pat.Perkins@parl.gc.ca,,Conservative,Whitby—Oshawa,House of Commons,2011-06-02,""
35701,Patricia Davidson,pat.davidson@parl.gc.ca,,Conservative,Sarnia—Lambton,House of Commons,2011-06-02,""
30979,Patrick Brown,patrick.brown@parl.gc.ca,https://twitter.com/brownbarrie,Conservative,Barrie,House of Commons,2011-06-02,""
30418,Paul Calandra,paul.calandra@parl.gc.ca,https://twitter.com/PaulCalandra,Conservative,Oak Ridges—Markham,House of Commons,2011-06-02,""
35665,Paul Dewar,paul.dewar@parl.gc.ca,https://twitter.com/PaulDewar,NDP,Ottawa Centre,House of Commons,2011-06-02,""
71398,Paulina Ayala,Paulina.Ayala@parl.gc.ca,https://twitter.com/paulinaayalaNPD,NDP,Honoré-Mercier,House of Commons,2011-06-02,""
3242,Peggy Nash,Peggy.Nash@parl.gc.ca,https://twitter.com/PeggyNashNDP,NDP,Parkdale—High Park,House of Commons,2011-06-02,""
58922,Peter Braid,peter.braid@parl.gc.ca,https://twitter.com/peterbraid,Conservative,Kitchener—Waterloo,House of Commons,2011-06-02,""
1325,Peter Goldring,peter.goldring@parl.gc.ca,https://twitter.com/PeterGoldring,Conservative,Edmonton East,House of Commons,2011-06-02,""
16399,Peter Julian,peter.julian@parl.gc.ca,https://twitter.com/MPJulian,NDP,Burnaby—New Westminster,House of Commons,2011-06-02,""
35699,Peter Kent,peter.kent@parl.gc.ca,https://twitter.com/KentThornhillMP,Conservative,Thornhill,House of Commons,2011-06-02,""
82,Peter MacKay,peter.mackay@parl.gc.ca,https://twitter.com/MacKayCPC,Conservative,Central Nova,House of Commons,2011-06-02,""
88,Peter Stoffer,peter.stoffer@parl.gc.ca,,NDP,Sackville—Eastern Shore,House of Commons,2011-06-02,""
25465,Peter Van Loan,peter.vanloan@parl.gc.ca,https://twitter.com/PeterVanLoan,Conservative,York—Simcoe,House of Commons,2011-06-02,""
35539,Phil McColeman,phil.mccoleman@parl.gc.ca,https://twitter.com/Phil4Brant,Conservative,Brant,House of Commons,2011-06-02,""
29881,Philip Toone,Philip.Toone@parl.gc.ca,,NDP,Gaspésie—Îles-de-la-Madeleine,House of Commons,2011-06-02,""
71522,Pierre Dionne Labelle,Pierre.DionneLabelle@parl.gc.ca,https://twitter.com/DionneLabelleMP,NDP,Rivière-du-Nord,House of Commons,2011-06-02,""
71362,Pierre Jacob,Pierre.Jacob@parl.gc.ca,https://twitter.com/PJacobNPD,NDP,Brome—Missisquoi,House of Commons,2011-06-02,""
35580,Pierre Lemieux,pierre.lemieux@parl.gc.ca,,Conservative,Glengarry—Prescott—Russell,House of Commons,2011-06-02,""
71447,Pierre Nantel,Pierre.Nantel@parl.gc.ca,https://twitter.com/pierrenantel,NDP,Longueuil—Pierre-Boucher,House of Commons,2011-06-02,""
25524,Pierre Poilievre,pierre.poilievre@parl.gc.ca,https://twitter.com/PierrePoilievre,Conservative,Nepean—Carleton,House of Commons,2011-06-02,""
71553,Pierre-Luc Dusseault,Pierre-Luc.Dusseault@parl.gc.ca,https://twitter.com/PLDusseault,NDP,Sherbrooke,House of Commons,2011-06-02,""
1265,Ralph Goodale,ralph.goodale@parl.gc.ca,https://twitter.com/RalphGoodale,Liberal,Wascana,House of Commons,2011-06-02,""
71995,Randall Garrison,Randall.Garrison@parl.gc.ca,https://twitter.com/r_garrison,NDP,Esquimalt—Juan de Fuca,House of Commons,2011-06-02,""
59148,Randy Hoback,randy.hoback@parl.gc.ca,https://twitter.com/MPRandyHoback,Conservative,Prince Albert,House of Commons,2011-06-02,""
25511,Randy Kamp,randy.kamp@parl.gc.ca,https://twitter.com/RandyKamp_com,Conservative,Pitt Meadows—Maple Ridge—Mission,House of Commons,2011-06-02,""
71780,Rathika Sitsabaiesan,Rathika.Sitsabaiesan@parl.gc.ca,https://twitter.com/RathikaS,NDP,Scarborough—Rouge River,House of Commons,2011-06-02,""
59143,Ray Boughen,ray.boughen@parl.gc.ca,https://twitter.com/RayBoughenMP,Conservative,Palliser,House of Commons,2011-06-02,""
35396,Raymond Côté,Raymond.Cote@parl.gc.ca,https://twitter.com/RCoteNPD,NDP,Beauport—Limoilou,House of Commons,2011-06-02,""
1525,Richard Harris,richard.harris@parl.gc.ca,,Conservative,Cariboo—Prince George,House of Commons,2011-06-02,""
35697,Rick Dykstra,rick.dykstra@parl.gc.ca,https://twitter.com/RickDykstra,Conservative,St. Catharines,House of Commons,2011-06-02,""
30338,Rick Norlock,rick.norlock@parl.gc.ca,https://twitter.com/RickNorlock,Conservative,Northumberland—Quinte West,House of Commons,2011-06-02,""
1313,Rob Anders,rob.anders@parl.gc.ca,,Conservative,Calgary West,House of Commons,2011-06-02,""
55139,Rob Clarke,rob.clarke@parl.gc.ca,https://twitter.com/RobClarkeMP,Conservative,Desnethé—Missinippi—Churchill River,House of Commons,2011-06-02,""
17210,Rob Moore,rob.moore@parl.gc.ca,https://twitter.com/RobMoore_CPC,Conservative,Fundy Royal,House of Commons,2011-06-02,""
820,Rob Nicholson,rob.nicholson@parl.gc.ca,https://twitter.com/HonRobNicholson,Conservative,Niagara Falls,House of Commons,2011-06-02,""
71560,Robert Aubin,Robert.Aubin@parl.gc.ca,https://twitter.com/RobertAubinNPD,NDP,Trois-Rivières,House of Commons,2011-06-02,""
71285,Robert Chisholm,Robert.Chisholm@parl.gc.ca,https://twitter.com/RobertNDP,NDP,Dartmouth—Cole Harbour,House of Commons,2011-06-02,""
71319,Robert Goguen,Robert.Goguen@parl.gc.ca,,Conservative,Moncton—Riverview—Dieppe,House of Commons,2011-06-02,""
69488,Robert Sopuck,robert.sopuck@parl.gc.ca,https://twitter.com/RobertSopuck,Conservative,Dauphin—Swan River—Marquette,House of Commons,2011-06-02,""
30982,Rod Bruinooge,rod.bruinooge@parl.gc.ca,https://twitter.com/rodbruinooge,Conservative,Winnipeg South,House of Commons,2011-06-02,""
1804,Rodger Cuzner,rodger.cuzner@parl.gc.ca,https://twitter.com/RodgerCuzner,Liberal,Cape Breton—Canso,House of Commons,2011-06-02,""
4255,Rodney Weston,rodney.weston@parl.gc.ca,https://twitter.com/rodneywestonsj,Conservative,Saint John,House of Commons,2011-06-02,""
71482,Romeo Saganash,Romeo.Saganash@parl.gc.ca,https://twitter.com/RomeoSaganash,NDP,Abitibi—Baie-James—Nunavik—Eeyou,House of Commons,2011-06-02,""
35933,Ron Cannan,ron.cannan@parl.gc.ca,https://twitter.com/RonCannan,Conservative,Kelowna—Lake Country,House of Commons,2011-06-02,""
25447,Rona Ambrose,rona.ambrose@parl.gc.ca,https://twitter.com/RonaAmbrose,Conservative,Edmonton—Spruce Grove,House of Commons,2011-06-02,""
71338,Rosane Doré Lefebvre,Rosane.DoreLefebvre@parl.gc.ca,https://twitter.com/RosaneDL,NDP,Alfred-Pellan,House of Commons,2011-06-02,""
35707,Roxanne James,Roxanne.James@parl.gc.ca,,Conservative,Scarborough Centre,House of Commons,2011-06-02,""
35668,Royal Galipeau,royal.galipeau@parl.gc.ca,https://twitter.com/GalipeauOrleans,Conservative,Ottawa—Orléans,House of Commons,2011-06-02,""
23897,Russ Hiebert,russ.hiebert@parl.gc.ca,https://twitter.com/HiebertRuss,Conservative,South Surrey—White Rock—Cloverdale,House of Commons,2011-06-02,""
71357,Ruth Ellen Brosseau,RuthEllen.Brosseau@parl.gc.ca,https://twitter.com/RE_Brosseau,NDP,Berthier—Maskinongé,House of Commons,2011-06-02,""
58528,Ryan Cleary,Ryan.Cleary@parl.gc.ca,https://twitter.com/ClearyNDP,NDP,St. John's South—Mount Pearl,House of Commons,2011-06-02,""
72079,Ryan Leef,Ryan.Leef@parl.gc.ca,https://twitter.com/ryanleefmp,Conservative,Yukon,House of Commons,2011-06-02,""
71549,Réjean Genest,Rejean.Genest@parl.gc.ca,,NDP,Shefford,House of Commons,2011-06-02,""
71538,Sadia Groguhé,Sadia.Groguhe@parl.gc.ca,https://twitter.com/Sadia_Groguhe,NDP,Saint-Lambert,House of Commons,2011-06-02,""
71569,Sana Hassainia,Sana.Hassainia@parl.gc.ca,https://twitter.com/SanaHassainia,Independent,Verchères—Les Patriotes,House of Commons,2011-06-02,""
59346,Scott Andrews,scott.andrews@parl.gc.ca,https://twitter.com/ScottAndrewsMP,Independent,Avalon,House of Commons,2011-06-02,""
63577,Scott Armstrong,scott.armstrong@parl.gc.ca,https://twitter.com/Armstrong_MP,Conservative,Cumberland—Colchester—Musquodoboit Valley,House of Commons,2011-06-02,""
74,Scott Brison,scott.brison@parl.gc.ca,https://twitter.com/scottbrison,Liberal,Kings—Hants,House of Commons,2011-06-02,""
1827,Scott Reid,scott.reid@parl.gc.ca,https://twitter.com/ScottReidCPC,Conservative,Lanark—Frontenac—Lennox and Addington,House of Commons,2011-06-02,""
25456,Scott Simms,scott.simms@parl.gc.ca,https://twitter.com/Scott_Simms,Liberal,Bonavista—Gander—Grand Falls—Windsor,House of Commons,2011-06-02,""
71270,Sean Casey,Sean.Casey@parl.gc.ca,https://twitter.com/SeanCaseyMP,Liberal,Charlottetown,House of Commons,2011-06-02,""
59115,Shelly Glover,shelly.glover@parl.gc.ca,https://twitter.com/ShellyGloverMIN,Conservative,Saint Boniface,House of Commons,2011-06-02,""
58833,Stella Ambler,Stella.Ambler@parl.gc.ca,https://twitter.com/StellaAmblerMP,Conservative,Mississauga South,House of Commons,2011-06-02,""
1733,Stephen Harper,stephen.harper@parl.gc.ca,https://twitter.com/pmharper,Conservative,Calgary Southwest,House of Commons,2011-06-02,""
58919,Stephen Woodworth,stephen.woodworth@parl.gc.ca,https://twitter.com/WoodworthMP,Conservative,Kitchener Centre,House of Commons,2011-06-02,""
35389,Steven Blaney,steven.blaney@parl.gc.ca,https://twitter.com/MinStevenBlaney,Conservative,Lévis—Bellechasse,House of Commons,2011-06-02,""
25502,Steven Fletcher,steven.fletcher@parl.gc.ca,https://twitter.com/HonSFletcherMP,Conservative,Charleswood—St. James—Assiniboia,House of Commons,2011-06-02,""
460,Stéphane Dion,stephane.dion@parl.gc.ca,https://twitter.com/HonStephaneDion,Liberal,Saint-Laurent—Cartierville,House of Commons,2011-06-02,""
71680,Susan Truppe,Susan.Truppe@parl.gc.ca,https://twitter.com/SusanTruppe,Conservative,London North Centre,House of Commons,2011-06-02,""
71377,Sylvain Chicoine,Sylvain.Chicoine@parl.gc.ca,https://twitter.com/sylvainchicoine,NDP,Châteauguay—Saint-Constant,House of Commons,2011-06-02,""
71537,Tarik Brahmi,Tarik.Brahmi@parl.gc.ca,https://twitter.com/TarikBrahmi,NDP,Saint-Jean,House of Commons,2011-06-02,""
84672,Ted Falk,Ted.Falk@parl.gc.ca,https://twitter.com/MPTedFalk,Conservative,Provencher,House of Commons,2011-06-02,""
71660,Ted Hsu,Ted.Hsu@parl.gc.ca,https://twitter.com/tedhsu,Liberal,Kingston and the Islands,House of Commons,2011-06-02,""
71625,Ted Opitz,Ted.Opitz@parl.gc.ca,https://twitter.com/TedOpitz,Conservative,Etobicoke Centre,House of Commons,2011-06-02,""
35663,Terence Young,terence.young@parl.gc.ca,https://twitter.com/TerenceYoungMP,Conservative,Oakville,House of Commons,2011-06-02,""
26684,Thomas Mulcair,thomas.mulcair@parl.gc.ca,https://twitter.com/ThomasMulcair,NDP,Outremont,House of Commons,2011-06-02,""
58581,Tilly O'Neill Gordon,tilly.oneillgordon@parl.gc.ca,,Conservative,Miramichi,House of Commons,2011-06-02,""
30645,Tim Uppal,tim.uppal@parl.gc.ca,https://twitter.com/TimUppal,Conservative,Edmonton—Sherwood Park,House of Commons,2011-06-02,""
25520,Tom Lukiwski,tom.lukiwski@parl.gc.ca,,Conservative,Regina—Lumsden—Lake Centre,House of Commons,2011-06-02,""
15975,Tony Clement,tony.clement@parl.gc.ca,https://twitter.com/TonyclementCPC,Conservative,Parry Sound—Muskoka,House of Commons,2011-06-02,""
71407,Tyrone Benskin,Tyrone.Benskin@parl.gc.ca,https://twitter.com/tbenskin,NDP,Jeanne-Le Ber,House of Commons,2011-06-02,""
59331,Wai Young,Wai.Young@parl.gc.ca,https://twitter.com/WaiYoung,Conservative,Vancouver South,House of Commons,2011-06-02,""
43,Wayne Easter,wayne.easter@parl.gc.ca,https://twitter.com/WayneEaster,Liberal,Malpeque,House of Commons,2011-06-02,""
681,Wayne Marston,wayne.marston@parl.gc.ca,,NDP,Hamilton East—Stoney Creek,House of Commons,2011-06-02,""
71693,Wladyslaw Lizon,Wladyslaw.Lizon@parl.gc.ca,https://twitter.com/wladyslawlizon,Conservative,Mississauga East—Cooksville,House of Commons,2011-06-02,""
103,Yvon Godin,yvon.godin@parl.gc.ca,,NDP,Acadie—Bathurst,House of Commons,2011-06-02,""
13218,Yvonne Jones,Yvonne.Jones@parl.gc.ca,https://twitter.com/YvonneJJones,Liberal,Labrador,House of Commons,2011-06-02,""
71420,Ève Péclet,Eve.Peclet@parl.gc.ca,https://twitter.com/evepeclet,NDP,La Pointe-de-l'Île,House of Commons,2011-06-02,""
71496,Élaine Michaud,Elaine.Michaud@parl.gc.ca,https://twitter.com/Elaine_Michaud,NDP,Portneuf—Jacques-Cartier,House of Commons,2011-06-02,""
