id,name,email,twitter,group,area,chamber,start_date,end_date
51MP3481,Adrian Rurawhe,Adrian.rurawhe@parliament.govt.nz,https://twitter.com/adrianrurawhe,Labour Party,Te Tai Hauāuru,New Zealand Parliament,2014-10-20,""
51MP3491,Alastair Scott,Alastair.scott@parliament.govt.nz,"",National Party,Wairarapa,New Zealand Parliament,2014-10-20,""
51MP3291,Alfred Ngaro,alfred.ngaro@parliament.govt.nz,https://twitter.com/AlfredNgaroMP,National Party,List,New Zealand Parliament,2014-10-20,""
51MP2691,Amy Adams,amy.adams@parliament.govt.nz,"",National Party,Selwyn,New Zealand Parliament,2014-10-20,""
51MP3501,Andrew Bayly,Andrew.bayly@parliament.govt.nz,"",National Party,Hunua,New Zealand Parliament,2014-10-20,""
51MP3181,Andrew Little,andrew.little@parliament.govt.nz,https://twitter.com/AndrewLittleMP,Labour Party,List,New Zealand Parliament,2014-10-20,""
51MP581,Annette King,annette.king@parliament.govt.nz,https://twitter.com/annetterongotai ,Labour Party,Rongotai,New Zealand Parliament,2014-10-20,""
51MP3511,Barbara Kuriger,Barbara.Kuriger@parliament.govt.nz,https://twitter.com/BarbaraKuriger ,National Party,Taranaki-King Country,New Zealand Parliament,2014-10-20,""
51MP2211,Barbara Stewart,barbara.stewart@parliament.govt.nz,"",NZ First,List,New Zealand Parliament,2014-10-20,""
51MP321,Bill English,bill.english@Parliament.govt.nz,https://twitter.com/honbillenglish,National Party,List,New Zealand Parliament,2014-10-20,""
51MP3521,Brett Hudson,brett.hudson@parliament.govt.nz,https://twitter.com/bhudson_nz,National Party,List,New Zealand Parliament,2014-10-20,""
51MP2971,Carmel Sepuloni,carmel.sepuloni@parliament.govt.nz,https://twitter.com/CarmelSepuloni,Labour Party,Kelston,New Zealand Parliament,2014-10-20,""
51MP3001,Catherine Delahunty,catherine.delahunty@parliament.govt.nz,https://twitter.com/greencatherine,Green Party,List,New Zealand Parliament,2014-10-20,""
51MP3531,Chris Bishop,chris.bishop@parliament.govt.nz,https://twitter.com/cjsbishop,National Party,List,New Zealand Parliament,2014-10-20,""
51MP2871,Chris Hipkins,chris.hipkins@parliament.govt.nz,https://twitter.com/chrishipkins,Labour Party,Rimutaka,New Zealand Parliament,2014-10-20,""
51MP2711,Clare Curran,clare.curren@parliament.govt.nz,https://twitter.com/ClareCurranMP,Labour Party,Dunedin South,New Zealand Parliament,2014-10-20,""
51MP1591,Clayton Cosgrove,clayton.cosgrove@parliament.govt.nz,"",Labour Party,List,New Zealand Parliament,2014-10-20,""
51MP3541,Clayton Mitchell,clayton.mitchell@parliament.govt.nz,https://twitter.com/nz_first,NZ First,List,New Zealand Parliament,2014-10-20,""
51MP2401,Craig Foss,craig.foss@parliament.govt.nz,https://twitter.com/CraigFossMP,National Party,Tukituki,New Zealand Parliament,2014-10-20,""
51MP831,Damien O'Connor,damien.oconnor@parliament.govt.nz,https://twitter.com/DamienOConnorMP ,Labour Party,West Coast-Tasman,New Zealand Parliament,2014-10-20,""
51MP3551,Darroch Ball,Darroch.Ball@parliament.govt.nz,https://twitter.com/darrochball,NZ First,List,New Zealand Parliament,2014-10-20,""
51MP2331,David Bennett,david.bennett@parliament.govt.nz,"",National Party,Hamilton East,New Zealand Parliament,2014-10-20,""
51MP171,David Carter,david.carter@parliament.govt.nz,https://twitter.com/DavidCarterMP,National Party,List,New Zealand Parliament,2014-10-20,""
51MP3141,David Clark,david.clark@parliament.govt.nz,https://twitter.com/DavidClarkNZ ,Labour Party,Dunedin North,New Zealand Parliament,2014-10-20,""
51MP3061,David Clendon,david.clendon@parliament.govt.nz,https://twitter.com/davidclendon ,Green Party,List,New Zealand Parliament,2014-10-20,""
51MP1601,David Cunliffe,david.cunliffe@parliament.govt.nz,https://twitter.com/DavidCunliffeMP,Labour Party,New Lynn,New Zealand Parliament,2014-10-20,""
51MP2151,David Parker,david.parker@parliament.govt.nz,https://twitter.com/DavidParkerMP ,Labour Party,List,New Zealand Parliament,2014-10-20,""
51MP3441,David Seymour,david.seymour@parliament.govt.nz,https://twitter.com/dbseymour,ACT New Zealand,Epsom,New Zealand Parliament,2014-10-20,""
51MP3051,David Shearer,david.shearer@parliament.govt.nz,https://twitter.com/DavidShearerMP ,Labour Party,Mt Albert,New Zealand Parliament,2014-10-20,""
51MP3311,Denis O’Rourke,denis.orourke@parliament.govt.nz,"",NZ First,List,New Zealand Parliament,2014-10-20,""
51MP3231,Denise Roche,denise.roche@parliament.govt.nz,https://twitter.com/DeniseRocheMP,Green Party,List,New Zealand Parliament,2014-10-20,""
51MP3251,Eugenie Sage,eugenie.sage@parliament.govt.nz,https://twitter.com/EugenieSage,Green Party,List,New Zealand Parliament,2014-10-20,""
51MP3561,Fletcher Tabuteau,fletcher.Tabuteau@parliament.govt.nz,https://twitter.com/TabuteauNZFirst,NZ First,List,New Zealand Parliament,2014-10-20,""
51MP3071,Gareth Hughes,gareth.hughes@parliament.govt.nz,https://twitter.com/GarethMP,Green Party,List,New Zealand Parliament,2014-10-20,""
51MP141,Gerry Brownlee,gerry.brownlee@parliament.govt.nz,"",National Party,Ilam,New Zealand Parliament,2014-10-20,""
51MP2811,Grant Robertson,grant.robertson@parliament.govt.nz,https://twitter.com/grantrobertson1,Labour Party,Wellington Central,New Zealand Parliament,2014-10-20,""
51MP2941,Hekia Parata,hekia.parata@parliament.govt.nz,https://twitter.com/hekiaparata,National Party,List,New Zealand Parliament,2014-10-20,""
51MP1811,Hon Anne Tolley,anne.tolley@parliament.govt.nz,https://twitter.com/AnneTolleyMP,National Party,East Coast,New Zealand Parliament,2014-10-20,""
51MP2421,Hon Chester Borrows,chester.borrows@parliament.govt.nz,"",National Party,Whanganui,New Zealand Parliament,2014-10-20,""
51MP2541,Hon Christopher Finlayson,christopher.finlayson@parliament.govt.nz,https://twitter.com/chrisfinlayson,National Party,List,New Zealand Parliament,2014-10-20,""
51MP2751,Iain Lees-Galloway,iain.lees-galloway@parliament.govt.nz,https://twitter.com/iainlg,Labour Party,Palmerston North,New Zealand Parliament,2014-10-20,""
51MP3271,Ian McKelvie,ian.mckelvie@parliament.govt.nz,https://twitter.com/ianmckelviemp,National Party,Rangitikei,New Zealand Parliament,2014-10-20,""
51MP3011,Jacinda Ardern,jacinda.ardern@parliament.govt.nz,https://twitter.com/jacindaardern,Labour Party,List,New Zealand Parliament,2014-10-20,""
51MP2371,Jacqui Dean,jacqui.dean@parliament.govt.nz,https://twitter.com/JacquiDeanMP,National Party,Waitaki,New Zealand Parliament,2014-10-20,""
51MP3571,James Shaw,james.shaw@parliament.govt.nz,https://twitter.com/jamespeshaw,Green Party,List,New Zealand Parliament,2014-10-20,""
51MP3101,Jami-Lee Ross,jami-lee.ross@parliament.govt.nz,https://twitter.com/jamileeross,National Party,Botany,New Zealand Parliament,2014-10-20,""
51MP3191,Jan Logie,jan.logie@parliament.govt.nz,https://twitter.com/janlogie,Green Party,List,New Zealand Parliament,2014-10-20,""
51MP3581,Jenny Salesa,jenny.salesa@parliament.govt.nz,https://twitter.com/JennySalesa,Labour Party,Manukau East,New Zealand Parliament,2014-10-20,""
51MP3361,Jian Yang,jian.yang@parliament.govt.nz,"",National Party,List,New Zealand Parliament,2014-10-20,""
51MP2321,Jo Goodhew,jo.goodhew@parliament.govt.nz,https://twitter.com/JoGoodhewMP,National Party,Rangitata,New Zealand Parliament,2014-10-20,""
51MP3411,Joanne Hayes,Joanne.Hayes@parliament.govt.nz,https://twitter.com/jo_hayes1 ,National Party,List,New Zealand Parliament,2014-10-20,""
51MP2111,John Key,john.key@parliament.govt.nz,https://twitter.com/johnkeypm,National Party,Helensville,New Zealand Parliament,2014-10-20,""
51MP2361,Jonathan Coleman,jonathan.coleman@parliament.govt.nz,https://twitter.com/jcolemanmp,National Party,Northcote,New Zealand Parliament,2014-10-20,""
51MP2791,Jonathan Young,jonathan.young@parliament.govt.nz,https://twitter.com/JonathanYoungMP,National Party,New Plymouth,New Zealand Parliament,2014-10-20,""
51MP3591,Jono Naylor,Jono.naylor@parliament.govt.nz,https://twitter.com/jono_naylor,National Party,List,New Zealand Parliament,2014-10-20,""
51MP2021,Judith Collins,judith.collins@parliament.govt.nz,https://twitter.com/judithcollinsmp,National Party,Papakura,New Zealand Parliament,2014-10-20,""
51MP3151,Julie Anne Genter,julieanne.genter@parliament.govt.nz,https://twitter.com/JulieAnneGenter ,Green Party,List,New Zealand Parliament,2014-10-20,""
51MP2831,Kanwaljit Singh Bakshi,KanwaljitSingh.Bakshi@parliament.govt.nz,"",National Party,List,New Zealand Parliament,2014-10-20,""
51MP3431,Kelvin Davis,Kelvin.Davis@parliament.govt.nz,https://twitter.com/NgatiBird,Labour Party,Te Tai Tokerau,New Zealand Parliament,2014-10-20,""
51MP3031,Kennedy Graham,kennedy.graham@parliament.govt.nz,https://twitter.com/KennedyGraham ,Green Party,List,New Zealand Parliament,2014-10-20,""
51MP2901,Kevin Hague,kevin.hague@parliament.govt.nz,https://twitter.com/KevinHague ,Green Party,List,New Zealand Parliament,2014-10-20,""
51MP3091,Kris Faafoi,kris.faafoi@parliament.govt.nz,https://twitter.com/KrisinMana,Labour Party,Mana,New Zealand Parliament,2014-10-20,""
51MP1801,Lindsay Tisch,lindsay.tisch@parliament.govt.nz,"",National Party,Waikato,New Zealand Parliament,2014-10-20,""
51MP2651,Louisa Wall,louisa.wall@parliament.govt.nz,"",Labour Party,Manurewa,New Zealand Parliament,2014-10-20,""
51MP2781,Louise Upston,louise.upston@parliament.govt.nz,https://twitter.com/LouiseUpston,National Party,Taupō,New Zealand Parliament,2014-10-20,""
51MP3121,Maggie Barry,Maggie.Barry@parliament.govt.nz,https://twitter.com/maggiebarry,National Party,North Shore,New Zealand Parliament,2014-10-20,""
51MP3601,Mahesh Bindra,Mahesh.bindra@parliament.govt.nz,https://twitter.com/MaheshBindra,NZ First,List,New Zealand Parliament,2014-10-20,""
51MP3451,Marama Fox,marama.fox@parliament.govt.nz,https://twitter.com/FoxMarama,Maori Party,List,New Zealand Parliament,2014-10-20,""
51MP3281,Mark Mitchell,Mark.Mitchell@parliament.govt.nz,https://twitter.com/MarkMitchellMP,National Party,Rodney,New Zealand Parliament,2014-10-20,""
51MP3611,Matt Doocey,matt.doocey@parliament.govt.nz,"",National Party,Waimakariri,New Zealand Parliament,2014-10-20,""
51MP1151,Maurice Willamson,Maurice.Williamson@parliament.govt.nz,https://twitter.com/williamson_nz,National Party,Pakuranga,New Zealand Parliament,2014-10-20,""
51MP3351,Megan Woods,Megan.Woods@parliament.govt.nz,https://twitter.com/Megan_Woods,Labour Party,Wigram,New Zealand Parliament,2014-10-20,""
51MP3401,Meka Whaitiri,meka.whaitiri@parliament.govt.nz,"",Labour Party,Ikaroa-Rāwhiti,New Zealand Parliament,2014-10-20,""
51MP2741,Melissa Lee,Melissa.Lee@parliament.govt.nz,https://twitter.com/melissaleemp,National Party,List,New Zealand Parliament,2014-10-20,""
51MP2221,Metiria Turei,metiria.turei@parliament.govt.nz,https://twitter.com/metiria ,Green Party,List,New Zealand Parliament,2014-10-20,""
51MP2991,Michael Woodhouse,Michael.Woodhouse@parliament.govt.nz,https://twitter.com/WoodhouseMP,National Party,List,New Zealand Parliament,2014-10-20,""
51MP3261,Mojo Mathers,Mojo.Mathers@parliament.govt.nz, https://twitter.com/mojomathershttps://twitter.com/mojomathers,Green Party,List,New Zealand Parliament,2014-10-20,""
51MP731,Murray McCully,murray.mccully@parliament.govt.nz,"",National Party,East Coast Bays,New Zealand Parliament,2014-10-20,""
51MP661,Nanaia Mahuta,nanaia.mahuta@parliament.govt.nz,https://twitter.com/NanaiaMahuta ,Labour Party,Hauraki-Waikato,New Zealand Parliament,2014-10-20,""
51MP2561,Nathan Guy,nathan.guy@parliament.govt.nz,https://twitter.com/NathanGuyOtaki ,National Party,Ōtaki,New Zealand Parliament,2014-10-20,""
51MP1021,Nick Smith,nick.smith@parliament.govt.nz,"",National Party,Nelson,New Zealand Parliament,2014-10-20,""
51MP2571,Nicky Wagner,nicky.wagner@parliament.govt.nz,https://twitter.com/nickywagner,National Party,Christchurch Central,New Zealand Parliament,2014-10-20,""
51MP2731,Nikki Kaye,nikki.kaye@parliament.govt.nz,https://twitter.com/nikkikaye,National Party,Auckland Central,New Zealand Parliament,2014-10-20,""
51MP3621,Nuk Korako,Nuk.Korako@parliament.govt.nz,"",National Party,List,New Zealand Parliament,2014-10-20,""
51MP3661,Parmjeet Parmar,Parmjeet.Parmar@parliament.govt.nz,"",National Party,List,New Zealand Parliament,2014-10-20,""
51MP3381,Paul Foster-Bell,paul.foster-bell@parliament.govt.nz,https://twitter.com/PARFosterBell,National Party,List,New Zealand Parliament,2014-10-20,""
51MP3161,Paul Goldsmith,paul.goldsmith@parliament.govt.nz,https://twitter.com/PaulGoldsmithMP,National Party,List,New Zealand Parliament,2014-10-20,""
51MP2511,Paula Bennett,paula.bennett@parliament.govt.nz,https://twitter.com/paulabennettmp,National Party,Upper Harbour,New Zealand Parliament,2014-10-20,""
51MP3461,Peeni Henare,peeni.henare@parliament.govt.nz,https://twitter.com/PeeniHenare,Labour Party,Tāmaki Makaurau,New Zealand Parliament,2014-10-20,""
51MP2761,Peseta Sam Lotu-Iiga,peseta.sam.lotu-iiga@parliament.govt.nz,https://twitter.com/MaungakiekieSAM,National Party,Maungakiekie,New Zealand Parliament,2014-10-20,""
51MP271,Peter Dunne,peter.dunne@parliament.govt.nz,https://twitter.com/PeterDunneMP,United Future,Ōhāriu,New Zealand Parliament,2014-10-20,""
51MP381,Phil Goff,phil.goff@parliament.govt.nz,ttps://twitter.com/phil_goff ,Labour Party,Mt Roskill,New Zealand Parliament,2014-10-20,""
51MP2981,Phil Twyford,phil.twyford@parliament.govt.nz,https://twitter.com/PhilTwyford,Labour Party,Te Atatū,New Zealand Parliament,2014-10-20,""
51MP2141,Pita Paraone,pita.paraone@parliament.govt.nz,https://twitter.com/nz_first,NZ First,List,New Zealand Parliament,2014-10-20,""
51MP3421,Poto Williams,poto.williams@parliament.govt.nz,https://twitter.com/PotoChchEast ,Labour Party,Christchurch East,New Zealand Parliament,2014-10-20,""
51MP3681,Ria Bond,Ria.Bond@parliament.govt.nz,"",NZ First,List,New Zealand Parliament,2014-10-20,""
51MP3221,Richard Prosser,richard.prosser@parliament.govt.nz,http://twitter.com/richard_prosser,NZ First,List,New Zealand Parliament,2014-10-20,""
51MP3371,Rino Tirikatene,rino.tirikatene@parliament.govt.nz,https://twitter.com/RinoTirikatene,Labour Party,Te Tai Tonga,New Zealand Parliament,2014-10-20,""
51MP691,Ron Mark,ron.mark@parliament.govt.nz,https://twitter.com/nz_first,NZ First,List,New Zealand Parliament,2014-10-20,""
51MP2671,Russel Norman,russel.norman@parliament.govt.nz,https://twitter.com/russelnorman,Green Party,List,New Zealand Parliament,2014-10-20,""
51MP291,Ruth Dyson,ruth.dyson@parliament.govt.nz,https://twitter.com/RuthDysonMP,Labour Party,Port Hills,New Zealand Parliament,2014-10-20,""
51MP3631,Sarah Dowie,sarah.dowie@parliament.govt.nz,https://twitter.com/NZsarahdowie ,National Party,Invercargill,New Zealand Parliament,2014-10-20,""
51MP3321,Scott Simpson,scott.simpson@parliament.govt.nz,https://twitter.com/ScottSimpsonMP,National Party,Coromandel,New Zealand Parliament,2014-10-20,""
51MP3671,Shane Reti,shane.reti@parliament.govt.nz,"",National Party,Whangarei,New Zealand Parliament,2014-10-20,""
51MP2701,Simon Bridges,simon.bridges@parliament.govt.nz,https://twitter.com/simonjbridges,National Party,Tauranga,New Zealand Parliament,2014-10-20,""
51MP3301,Simon O'Connor,simon.oconnor@parliament.govt.nz,https://twitter.com/SimonOConnorMP,National Party,Tāmaki,New Zealand Parliament,2014-10-20,""
51MP3131,Steffan Browning,steffan.browning@parliament.govt.nz,https://twitter.com/SteffanBrowning,Green Party,List,New Zealand Parliament,2014-10-20,""
51MP2681,Steven Joyce,Steven.Joyce@parliament.govt.nz,https://twitter.com/stevenljoyce,National Party,List,New Zealand Parliament,2014-10-20,""
51MP2931,Stuart Nash,stuart.nash@parliament.govt.nz,"",Labour Party,Napier,New Zealand Parliament,2014-10-20,""
51MP3641,Stuart Smith,Stuart.smith@parliament.govt.nz,"",National Party,Kaikōura,New Zealand Parliament,2014-10-20,""
51MP2481,Sue Moroney,sue.moroney@parliament.govt.nz,https://twitter.com/suemoroney,Labour Party,List,New Zealand Parliament,2014-10-20,""
51MP2661,Su’a William Sio,sua.william.sio@parliament.govt.nz,https://twitter.com/swsio_mp,Labour Party,Māngere,New Zealand Parliament,2014-10-20,""
51MP2451,Te Ururoa Flavell,teururoa.flavell@parliament.govt.nz,https://twitter.com/TeUruroaFlavell,Maori Party,Waiariki,New Zealand Parliament,2014-10-20,""
51MP2551,Tim Groser,tim.groser@parliament.govt.nz,"",National Party,List,New Zealand Parliament,2014-10-20,""
51MP2921,Tim Macindoe,tim.macindoe@parliament.govt.nz,https://twitter.com/timmacindoe,National Party,Hamilton West,New Zealand Parliament,2014-10-20,""
51MP3471,Todd Barclay,todd.barclay@parliament.govt.nz,"",National Party,Clutha-Southland,New Zealand Parliament,2014-10-20,""
51MP2801,Todd McClay,todd.mcclay@parliament.govt.nz,"",National Party,Rotorua,New Zealand Parliament,2014-10-20,""
51MP3651,Todd Muller,Todd.muller@parliament.govt.nz,"",National Party,Bay of Plenty,New Zealand Parliament,2014-10-20,""
51MP3211,Tracey Martin,tracey.martin@parliament.govt.nz,https://twitter.com/traceymartinmp,NZ First,List,New Zealand Parliament,2014-10-20,""
51MP671,Trevor Mallard,trevor.mallard@parliament.govt.nz,https://twitter.com/TrevorMallard,Labour Party,Hutt South,New Zealand Parliament,2014-10-20,""
51MP861,Winston Peters,winston.peters@parliament.govt.nz,https://twitter.com/winstonpeters,NZ First,Northland,New Zealand Parliament,2014-10-20,""
